Created,Origin FQDN,Title,URL,Author
00:27:42 2012-07-04,forbes.com,Anonymous Rattles A Chinese Web Giant,http://www.forbes.com/sites/parmyolson/2012/07/03/anonymous-rattles-a-chinese-web-giant/,EquanimousMind
16:41:28 2012-07-04,gibiru.com,"Gibiru - uncensored anonymous search engine provides basic Google results, but does not use your IP address or cookie data, providing a non-personal private search experience.",http://www.gibiru.com/index.php/2012-03-07-06-37-31,hazysummersky
01:49:52 2012-07-04,tremblethedevil.com,"Anonymity has been a part of American democracy since Thomas Paine published ""Common Sense"" as Anonymous",http://tremblethedevil.com/?p=1834,jihadaze
20:07:19 2012-07-03,wired.com,"How Anonymous Picks Targets, Launches Attacks, and Takes Powerful Organizations Down",http://www.wired.com/threatlevel/2012/07/ff_anonymous/,UlkeshNaranek
11:23:26 2012-07-03,anonymous-jp.com,Operation Anonymous Cleaning Service/OpA.C.S. (x-post from r/Japan) English Info in Comments,http://anonymous-jp.com/120701_opACS.html,touyajp
18:18:25 2012-07-02,youtu.be,OperationDenver - Anonymous not just online anymore. Mile high City FULL of rights-happy freaks,http://youtu.be/_7yIJ6qfZZY,OperationDenver
11:04:14 2012-07-02,mcafee.com,McAfee Whitepaper gives a rundown on Anonymous and hacktivism (PDF),http://www.mcafee.com/us/resources/white-papers/wp-hacktivism.pdf,EquanimousMind
22:30:56 2012-07-01,lists.torproject.org,Anonymous Publishing Is Dead,https://lists.torproject.org/pipermail/tor-talk/2012-June/024654.html,scientologist2
00:40:44 2012-07-02,self.anonymous,"@Anonymous and/or any other active political party/person that stands for justice and democracy. Also, you want to do something about illegal immigration, have a readdit.",http://www.reddit.com/r/anonymous/comments/vwscm/anonymous_andor_any_other_active_political/,poophitsoscillation
14:12:34 2012-07-01,examiner.com,Greenpeace welcomes Anonymous after Exxon Mobil hack,http://www.examiner.com/article/greenpeace-welcomes-anonymous-after-exxon-mobil-hack,freeth1nker
18:13:20 2012-06-30,youtube.com,"When the citizens are terrorized by Ardmore Oklahoma Police, we must remain Anonymous and fight back! ",http://www.youtube.com/watch?v=giuAnfl-Lx8,dlow999
08:56:19 2012-06-29,self.anonymous,Where does Anonymous plan their #OPs,http://www.reddit.com/r/anonymous/comments/vsk3z/where_does_anonymous_plan_their_ops/,FreestylaBoy
01:25:22 2012-06-28,inc.com,"UFC boss Dana White opens his big piehole again: ""Why I Told Anonymous to Kiss My Ass.""",http://www.inc.com/magazine/201207/jj-mccorvey/hidi-dana-white-ultimate-fighting-championship-anonymous.html,s810
22:39:00 2012-06-27,7thspace.com,"""Anonymous Associate, Friends Charged in Computer Hacking Scheme""",http://7thspace.com/headlines/415698/anonymous_associate_friends_charged_in_computer_hacking_scheme.html,s810
00:27:42 2012-07-04,forbes.com,Anonymous Rattles A Chinese Web Giant,http://www.forbes.com/sites/parmyolson/2012/07/03/anonymous-rattles-a-chinese-web-giant/,EquanimousMind
16:41:28 2012-07-04,gibiru.com,"Gibiru - uncensored anonymous search engine provides basic Google results, but does not use your IP address or cookie data, providing a non-personal private search experience.",http://www.gibiru.com/index.php/2012-03-07-06-37-31,hazysummersky
01:49:52 2012-07-04,tremblethedevil.com,"Anonymity has been a part of American democracy since Thomas Paine published ""Common Sense"" as Anonymous",http://tremblethedevil.com/?p=1834,jihadaze
20:07:19 2012-07-03,wired.com,"How Anonymous Picks Targets, Launches Attacks, and Takes Powerful Organizations Down",http://www.wired.com/threatlevel/2012/07/ff_anonymous/,UlkeshNaranek
11:23:26 2012-07-03,anonymous-jp.com,Operation Anonymous Cleaning Service/OpA.C.S. (x-post from r/Japan) English Info in Comments,http://anonymous-jp.com/120701_opACS.html,touyajp
18:18:25 2012-07-02,youtu.be,OperationDenver - Anonymous not just online anymore. Mile high City FULL of rights-happy freaks,http://youtu.be/_7yIJ6qfZZY,OperationDenver
11:04:14 2012-07-02,mcafee.com,McAfee Whitepaper gives a rundown on Anonymous and hacktivism (PDF),http://www.mcafee.com/us/resources/white-papers/wp-hacktivism.pdf,EquanimousMind
22:30:56 2012-07-01,lists.torproject.org,Anonymous Publishing Is Dead,https://lists.torproject.org/pipermail/tor-talk/2012-June/024654.html,scientologist2
00:40:44 2012-07-02,self.anonymous,"@Anonymous and/or any other active political party/person that stands for justice and democracy. Also, you want to do something about illegal immigration, have a readdit.",http://www.reddit.com/r/anonymous/comments/vwscm/anonymous_andor_any_other_active_political/,poophitsoscillation
14:12:34 2012-07-01,examiner.com,Greenpeace welcomes Anonymous after Exxon Mobil hack,http://www.examiner.com/article/greenpeace-welcomes-anonymous-after-exxon-mobil-hack,freeth1nker
18:13:20 2012-06-30,youtube.com,"When the citizens are terrorized by Ardmore Oklahoma Police, we must remain Anonymous and fight back! ",http://www.youtube.com/watch?v=giuAnfl-Lx8,dlow999
08:56:19 2012-06-29,self.anonymous,Where does Anonymous plan their #OPs,http://www.reddit.com/r/anonymous/comments/vsk3z/where_does_anonymous_plan_their_ops/,FreestylaBoy
01:25:22 2012-06-28,inc.com,"UFC boss Dana White opens his big piehole again: ""Why I Told Anonymous to Kiss My Ass.""",http://www.inc.com/magazine/201207/jj-mccorvey/hidi-dana-white-ultimate-fighting-championship-anonymous.html,s810
22:39:00 2012-06-27,7thspace.com,"""Anonymous Associate, Friends Charged in Computer Hacking Scheme""",http://7thspace.com/headlines/415698/anonymous_associate_friends_charged_in_computer_hacking_scheme.html,s810
13:46:42 2012-05-01,troll.me,BABY MAFIA,http://www.troll.me/2012/05/01/baby-godfather/i-want-my-cocain-by-friday-got-it/,jordynic123
04:31:48 2011-12-04,forumserver.twoplustwo.com,"this forum has the best mafia players on the internet

they call it werewolf tho",http://forumserver.twoplustwo.com/59/puzzles-other-games/,pocketas227
13:46:42 2012-05-01,troll.me,BABY MAFIA,http://www.troll.me/2012/05/01/baby-godfather/i-want-my-cocain-by-friday-got-it/,jordynic123
04:31:48 2011-12-04,forumserver.twoplustwo.com,"this forum has the best mafia players on the internet

they call it werewolf tho",http://forumserver.twoplustwo.com/59/puzzles-other-games/,pocketas227
13:46:42 2012-05-01,troll.me,BABY MAFIA,http://www.troll.me/2012/05/01/baby-godfather/i-want-my-cocain-by-friday-got-it/,jordynic123
04:31:48 2011-12-04,forumserver.twoplustwo.com,"this forum has the best mafia players on the internet

they call it werewolf tho",http://forumserver.twoplustwo.com/59/puzzles-other-games/,pocketas227
13:46:42 2012-05-01,troll.me,BABY MAFIA,http://www.troll.me/2012/05/01/baby-godfather/i-want-my-cocain-by-friday-got-it/,jordynic123
04:31:48 2011-12-04,forumserver.twoplustwo.com,"this forum has the best mafia players on the internet

they call it werewolf tho",http://forumserver.twoplustwo.com/59/puzzles-other-games/,pocketas227
14:26:06 2008-12-02,stratfor.com,Stratfor Report: Strategic Motivations for Mumbai Attack,http://www.stratfor.com/weekly/20081201_strategic_motivations_mumbai_attack,pablogott
11:15:29 2011-11-03,thebulletin.org,Anthrax attack review: Lessons for the FBI,http://www.thebulletin.org/web-edition/features/amerithrax-review-lessons-future-investigations,Rasputin123
18:01:20 2012-03-24,destinationdealey.com,"J. Edgar Hoover - Born before the dawn of the twentieth century, J. Edgar Hoover grew up to become the first director of the FBI, and held the office for the longest term in history, from its founding in 1935 until his death in 1972.",http://www.destinationdealey.com/who_hoover.html,Travel-R
21:02:20 2012-04-18,nytimes.com,DEA get news with this?,http://www.nytimes.com/,redditMEred
